Image Name,Label
img_0.png,44
img_1.png,44
img_2.png,44
img_3.png,44
img_4.png,44
img_5.png,44
img_6.png,44
img_7.png,44
img_8.png,44
img_9.png,44
img_10.png,44
img_11.png,44
img_12.png,44
img_13.png,44
img_14.png,44
img_15.png,44
img_16.png,44
img_17.png,44
img_18.png,44
img_19.png,44
img_20.png,44
img_21.png,44
img_22.png,44
img_23.png,44
img_24.png,44
img_25.png,44
img_26.png,44
img_27.png,44
img_28.png,44
img_29.png,44
img_30.png,44
img_31.png,44
img_32.png,44
img_33.png,44
img_34.png,44
img_35.png,44
img_36.png,44
img_37.png,44
img_38.png,44
img_39.png,44
img_40.png,44
img_41.png,44
img_42.png,44
img_43.png,44
img_44.png,44
img_45.png,44
img_46.png,44
img_47.png,44
img_48.png,44
img_49.png,44
img_50.png,44
img_51.png,44
img_52.png,44
img_53.png,44
img_54.png,44
img_55.png,44
img_56.png,44
img_57.png,44
img_58.png,44
img_59.png,44
img_60.png,44
img_61.png,44
img_62.png,44
img_63.png,44
img_64.png,44
img_65.png,44
img_66.png,44
img_67.png,44
img_68.png,44
img_69.png,44
img_70.png,44
img_71.png,44
img_72.png,44
img_73.png,44
img_74.png,44
img_75.png,44
img_76.png,44
img_77.png,44
img_78.png,44
img_79.png,44
img_80.png,44
img_81.png,44
img_82.png,44
img_83.png,44
img_84.png,44
img_85.png,44
img_86.png,44
img_87.png,44
img_88.png,44
img_89.png,44
img_90.png,44
img_91.png,44
img_92.png,44
img_93.png,44
img_94.png,44
img_95.png,44
img_96.png,44
img_97.png,44
img_98.png,44
img_99.png,44
img_100.png,10
img_101.png,10
img_102.png,10
img_103.png,10
img_104.png,10
img_105.png,10
img_106.png,10
img_107.png,10
img_108.png,10
img_109.png,10
img_110.png,10
img_111.png,10
img_112.png,10
img_113.png,10
img_114.png,10
img_115.png,10
img_116.png,10
img_117.png,10
img_118.png,10
img_119.png,10
img_120.png,10
img_121.png,10
img_122.png,10
img_123.png,10
img_124.png,10
img_125.png,10
img_126.png,10
img_127.png,10
img_128.png,10
img_129.png,10
img_130.png,10
img_131.png,10
img_132.png,10
img_133.png,10
img_134.png,10
img_135.png,10
img_136.png,10
img_137.png,10
img_138.png,10
img_139.png,10
img_140.png,10
img_141.png,10
img_142.png,10
img_143.png,10
img_144.png,10
img_145.png,10
img_146.png,10
img_147.png,10
img_148.png,10
img_149.png,10
img_150.png,10
img_151.png,10
img_152.png,10
img_153.png,10
img_154.png,10
img_155.png,10
img_156.png,10
img_157.png,10
img_158.png,10
img_159.png,10
img_160.png,10
img_161.png,10
img_162.png,10
img_163.png,10
img_164.png,10
img_165.png,10
img_166.png,10
img_167.png,10
img_168.png,10
img_169.png,10
img_170.png,10
img_171.png,10
img_172.png,10
img_173.png,10
img_174.png,10
img_175.png,10
img_176.png,10
img_177.png,10
img_178.png,10
img_179.png,10
img_180.png,10
img_181.png,10
img_182.png,10
img_183.png,10
img_184.png,10
img_185.png,10
img_186.png,10
img_187.png,10
img_188.png,10
img_189.png,10
img_190.png,10
img_191.png,10
img_192.png,10
img_193.png,10
img_194.png,10
img_195.png,10
img_196.png,10
img_197.png,10
img_198.png,10
img_199.png,10
img_200.png,39
img_201.png,39
img_202.png,39
img_203.png,39
img_204.png,39
img_205.png,39
img_206.png,39
img_207.png,39
img_208.png,39
img_209.png,39
img_210.png,39
img_211.png,39
img_212.png,39
img_213.png,39
img_214.png,39
img_215.png,39
img_216.png,39
img_217.png,39
img_218.png,39
img_219.png,39
img_220.png,39
img_221.png,39
img_222.png,39
img_223.png,39
img_224.png,39
img_225.png,39
img_226.png,39
img_227.png,39
img_228.png,39
img_229.png,39
img_230.png,39
img_231.png,39
img_232.png,39
img_233.png,39
img_234.png,39
img_235.png,39
img_236.png,39
img_237.png,39
img_238.png,39
img_239.png,39
img_240.png,39
img_241.png,39
img_242.png,39
img_243.png,39
img_244.png,39
img_245.png,39
img_246.png,39
img_247.png,39
img_248.png,39
img_249.png,39
img_250.png,45
img_251.png,45
img_252.png,45
img_253.png,45
img_254.png,45
img_255.png,45
img_256.png,45
img_257.png,45
img_258.png,45
img_259.png,45
img_260.png,45
img_261.png,45
img_262.png,45
img_263.png,45
img_264.png,45
img_265.png,45
img_266.png,45
img_267.png,45
img_268.png,45
img_269.png,45
img_270.png,45
img_271.png,45
img_272.png,45
img_273.png,45
img_274.png,45
img_275.png,45
img_276.png,45
img_277.png,45
img_278.png,45
img_279.png,45
img_280.png,45
img_281.png,45
img_282.png,45
img_283.png,45
img_284.png,45
img_285.png,45
img_286.png,45
img_287.png,45
img_288.png,45
img_289.png,45
img_290.png,45
img_291.png,45
img_292.png,45
img_293.png,45
img_294.png,45
img_295.png,45
img_296.png,45
img_297.png,45
img_298.png,45
img_299.png,45
img_300.png,44
img_301.png,44
img_302.png,44
img_303.png,44
img_304.png,44
img_305.png,44
img_306.png,44
img_307.png,44
img_308.png,44
img_309.png,44
img_310.png,44
img_311.png,44
img_312.png,44
img_313.png,44
img_314.png,44
img_315.png,44
img_316.png,44
img_317.png,44
img_318.png,44
img_319.png,44
img_320.png,44
img_321.png,44
img_322.png,44
img_323.png,44
img_324.png,44
img_325.png,44
img_326.png,44
img_327.png,44
img_328.png,44
img_329.png,44
img_330.png,44
img_331.png,44
img_332.png,44
img_333.png,44
img_334.png,44
img_335.png,44
img_336.png,44
img_337.png,44
img_338.png,44
img_339.png,44
img_340.png,44
img_341.png,44
img_342.png,44
img_343.png,44
img_344.png,44
img_345.png,44
img_346.png,44
img_347.png,44
img_348.png,44
img_349.png,44
img_350.png,44
img_351.png,44
img_352.png,44
img_353.png,44
img_354.png,44
img_355.png,44
img_356.png,44
img_357.png,44
img_358.png,44
img_359.png,44
img_360.png,44
img_361.png,44
img_362.png,44
img_363.png,44
img_364.png,44
img_365.png,44
img_366.png,44
img_367.png,44
img_368.png,44
img_369.png,44
img_370.png,44
img_371.png,44
img_372.png,44
img_373.png,44
img_374.png,44
img_375.png,44
img_376.png,44
img_377.png,44
img_378.png,44
img_379.png,44
img_380.png,44
img_381.png,44
img_382.png,44
img_383.png,44
img_384.png,44
img_385.png,44
img_386.png,44
img_387.png,44
img_388.png,44
img_389.png,44
img_390.png,44
img_391.png,44
img_392.png,44
img_393.png,44
img_394.png,44
img_395.png,44
img_396.png,44
img_397.png,44
img_398.png,44
img_399.png,44
img_400.png,39
img_401.png,39
img_402.png,39
img_403.png,39
img_404.png,39
img_405.png,39
img_406.png,39
img_407.png,39
img_408.png,39
img_409.png,39
img_410.png,39
img_411.png,39
img_412.png,39
img_413.png,39
img_414.png,39
img_415.png,39
img_416.png,39
img_417.png,39
img_418.png,39
img_419.png,39
img_420.png,39
img_421.png,39
img_422.png,39
img_423.png,39
img_424.png,39
img_425.png,39
img_426.png,39
img_427.png,39
img_428.png,39
img_429.png,39
img_430.png,39
img_431.png,39
img_432.png,39
img_433.png,39
img_434.png,39
img_435.png,39
img_436.png,39
img_437.png,39
img_438.png,39
img_439.png,39
img_440.png,39
img_441.png,39
img_442.png,39
img_443.png,39
img_444.png,39
img_445.png,39
img_446.png,39
img_447.png,39
img_448.png,39
img_449.png,39
